,id,label
0,f38a6374c348f90b587e046aac6079959adf3835,0
1,c18f2d887b7ae4f6742ee445113fa1aef383ed77,1
2,755db6279dae599ebb4d39a9123cce439965282d,0
3,bc3f0c64fb968ff4a8bd33af6971ecae77c75e08,0
4,068aba587a4950175d04c680d38943fd488d6a9d,0
5,acfe80838488fae3c89bd21ade75be5c34e66be7,0
6,a24ce148f6ffa7ef8eefb4efb12ebffe8dd700da,1
7,7f6ccae485af121e0b6ee733022e226ee6b0c65f,1
8,559e55a64c9ba828f700e948f6886f4cea919261,0
9,8eaaa7a400aa79d36c2440a4aa101cc14256cda4,0
10,a106469bbfda4cdc5a9da7ac0152927bf1b4a92d,0
11,c3d660212bf2a11c994e0eadff13770a9927b731,1
12,a1991e73a9b676faddd2bd47c39754b14d1eb923,0
13,08566ce82d4406f464c9c2a3cd014704735db7a9,0
14,94fa32b29cc1c00403176c0795fffa3cfaa0f20e,1
